"nodeID","xcoord","ycoord","floor","building","nodeType","longName","shortName","teamAssigned"
"AHALL0090G",1524,2726,"G","BTM","HALL","Hall","Hall","Team A"
"AHALL01001",1605,2568,1,"BTM","HALL","Hall","Hall","Team A"
"AHALL0070G",1712,2647,"G","BTM","HALL","Hall","Hall","Team A"
"AHALL0050G",1713,2558,"G","BTM","HALL","Hall","Hall","Team A"
"AREST00101",1556,2604,1,"BTM","REST","Restroom; S elevator; 1st floor","Restroom","Team A"
"AREST00103",1552,2854,3,"BTM","REST","Restroom; BTM conference center; 3rd floor","Restroom","Team A"
"AHALL002L2",1698,2776,"L2","BTM","HALL","Hallway Intersection","Hall","Team A"
"AELEV00S0G",1523,2763,"G","BTM","ELEV","Elevator S G","Elevator S G","Team A"
"ADEPT0020G",1552,2843,"G","BTM","DEPT","Infusion Waiting Area","Infusion Waiting Area","Team A"
"AINFO001L2",1681,2747,"L2","BTM","INFO","BTM Security Desk","Security","Team A"
"ALABS00203",1671,2695,3,"BTM","LABS","Clinical Trials","Clinical Trials","Team A"
"AHALL00901",1581,2566,1,"BTM","HALL","Hall","Hall","Team A"
"AHALL0010G",1677,2530,"G","BTM","HALL","Hall","Hall","Team A"
"ACONF0010G",1671,2648,"G","BTM","CONF","Schlagler Innovation Lobby","Schlagler Lobby","Team A"
"AELEV00S01",1534,2777,1,"BTM","ELEV","Elevator S 01","Elevator S 1","Team A"
"ADEPT00101",1401,2628,1,"BTM","DEPT","Neuroscience Waiting Room","Neuro Waiting Room","Team A"
"ADEPT00102",1395,2674,2,"BTM","DEPT","Orthopedics and Rhemutalogy","Orthopedics and Rhemutalogy","Team A"
"ADEPT00301",986,2852,1,"BTM","DEPT","CART Waiting","CART Waiting","Team A"
"AELEV00S03",1539,2773,3,"BTM","ELEV","Elevator S; Floor 3","Elevator S 3","Team A"
"AHALL0140G",1599,2727,"G","BTM","HALL","Hall","Hall","Team A"
"AELEV00S02",1532,2777,2,"BTM","ELEV","Elevator S 02","Elevator S 2","Team A"
"AHALL00602",1683,2543,2,"BTM","HALL","Hall","Hall","Team A"
"AHALL00603",1580,2858,3,"BTM","HALL","HallNode","HallNode","Team A"
"AHALL00801",1532,2739,1,"BTM","HALL","Hall","Hall","Team A"
"AHALL00402",1528,2745,2,"BTM","HALL","Hall","Hall","Team A"
"AHALL00403",1650,2766,3,"BTM","HALL","Hall","Hall","Team A"
"AHALL00601",1678,2865,1,"BTM","HALL","Hall","Hall","Team A"
"ALABS001L2",1667,2682,"L2","BTM","LABS","MRI/CT Scan Imaging","MRI/CT Imaging","Team A"
"AHALL00202",1590,2604,2,"BTM","HALL","Hall","Hall","Team A"
"AHALL00203",1600,2732,3,"BTM","HALL","Hall","Hall","Team A"
"AHALL00401",1420,2737,1,"BTM","HALL","Hall","Hall","Team A"
"AHALL00201",1608,2596,1,"BTM","HALL","Hall","Hall","Team A"
"AEXIT0010G",1678,2460,"G","BTM","EXIT","Fenwood Road","Fenwood Road","Team A"
"AHALL004L2",1698,2687,"L2","BTM","HALL","Hall","Hall","Team A"
"AHALL0120G",1548,2538,"G","BTM","HALL","Hall","Hall","Team A"
"AHALL0100G",1600,2853,"G","BTM","HALL","Hall","Hall","Team A"
"AINFO0010G",1484,2710,"G","BTM","INFO","BTM Security Desk","Security","Team A"
"AELEV00SL2",1630,2742,"L2","BTM","ELEV","Elevator S L2","Elevator S L2","Team A"
"AHALL0080G",1602,2706,"G","BTM","HALL","Hall","Hall","Team A"
"ASTAI0010G",1622,2556,"G","BTM","STAI","Schlagler Stairs","Schlager Stairs","Team A"
"AHALL0060G",1595,2583,"G","BTM","HALL","Hall","Hall","Team A"
"AHALL0040G",1528,2531,"G","BTM","HALL","Hall","Hall","Team A"
"AHALL003L2",1701,2734,"L2","BTM","HALL","Hall","Hall","Team A"
"ADEPT0010G",1530,2495,"G","BTM","DEPT","Neuro Testing Waiting Area","Neuro Wating Area","Team A"
"AHALL001L2",1627,2782,"L2","BTM","HALL","Hallway to Elevator","Hall","Team A"
"ASTAI00101",1642,2596,1,"BTM","STAI","Cafe Stairs","Cafe Staris","Team A"
"ASTAI00102",1650,2602,2,"BTM","STAI","Stairs; Floor 2","Stairs Floor 2","Team A"
"ALABS00103",1611,2678,3,"BTM","LABS","Innovation Hub","Innovation Hub","Team A"
"AHALL0020G",1623,2531,"G","BTM","HALL","Hall","Hall","Team A"
"AEXIT001L2",1696,2788,"L2","BTM","EXIT","Parking Garage L2","Parking Garage L2","Team A"
"ADEPT00201",1720,2847,1,"BTM","DEPT","MS Waiting","MS Waiting","Team A"
"AHALL0150G",1598,2532,"G","BTM","HALL","Hall","Hall","Team A"
"AHALL00503",1650,2855,3,"BTM","HALL","Hall","Hall","Team A"
"AHALL00701",1017,2865,1,"BTM","HALL","Hall","Hall","Team A"
"AHALL00303",1650,2732,3,"BTM","HALL","Hall","Hall","Team A"
"AHALL00501",1420,2865,1,"BTM","HALL","Hall","Hall","Team A"
"AHALL00502",1398,2745,2,"BTM","HALL","Hall","Hall","Team A"
"AHALL00103",1534,2732,3,"BTM","HALL","Hall","Hall","Team A"
"AHALL00301",1608,2737,1,"BTM","HALL","Hall","Hall","Team A"
"AHALL00302",1590,2745,2,"BTM","HALL","Hall","Hall","Team A"
"AHALL00101",1638,2553,1,"BTM","HALL","Hall","Hall","Team A"
"AHALL00102",1591,2560,2,"BTM","HALL","Hall","Hall","Team A"
"ACONF00103",1648,2968,3,"BTM","CONF","BTM Conference Center","BTM Conference","Team A"
"ACONF00102",1580,2538,2,"BTM","HALL","Hall","Hall","Team A"
"AHALL0130G",1582,2533,"G","BTM","HALL","Hall","Hall","Team A"
"AINFO0020G",1699,2707,"G","BTM","INFO","Information Desk","Information","Team A"
"AHALL0110G",1550,2853,"G","BTM","HALL","Hall","Hall","Team A"
"ARETL00101",1619,2522,1,"BTM","RETL","Cafe","Cafe","Team A"
"BCONF00102",2150,1025,2,"45 Francis","CONF","Conference Room 1 Level 2","Conf B0102","Team B"
"BDEPT00102",2263,786,2,"45 Francis","DEPT","Comprehensive Breast Heath Level 2","DEPT B0102","Team B"
"BDEPT00202",2166,1039,2,"45 Francis","DEPT","Oral Medicine and Denstistry Level 2","DEPT B0202","Team B"
"BDEPT00302",2389,753,2,"45 Francis","DEPT","Lee Bell Breast Center Level 2","DEPT B0302","Team B"
"BDEPT00402",2439,903,2,"45 Francis","DEPT","Jet Center for Primary Care Level 2","DEPT B0402","Team B"
"BDEPT00502",2623,1018,2,"45 Francis","DEPT","Ear Nose & Throat Level 2","DEPT B0502","Team B"
"BDEPT00602",2781,1305,2,"45 Francis","DEPT","Medical Surgical Specialties Level 2","DEPT B0602","Team B"
"BDEPT00702",2950,775,2,"45 Francis","DEPT","Plastic Surgery Level 2","DPET B0702","Team B"
"BDEPT00802",3155,878,2,"45 Francis","DEPT","Outpatient Pharamacy Level 2","DEPT B0802","Team B"
"BDEPT00902",3258,877,2,"45 Francis","DEPT","Weiner Center for Pre-operational Evaluation Level 2","DEPT B0902","Team B"
"BHALL00102",2237,902,2,"45 Francis","HALL","Hallway intersection 1 Level 2","Hallway B0102","Team B"
"BHALL00202",2279,902,2,"45 Francis","HALL","Hallway Intersection 2 Level 2","Hallway B0202","Team B"
"BHALL00302",2238,1028,2,"45 Francis","HALL","Hallway Intersection 3 Level 2","Hallway B0302","Team B"
"BHALL00402",2246,1280,2,"45 Francis","HALL","Hallway Intersection 4 Level 2","Hallway B0402","Team B"
"BHALL00502",2381,902,2,"45 Francis","HALL","Hallway Intersection 5 Level 2","Hallway B0502","Team B"
"BHALL00602",2605,901,2,"45 Francis","HALL","Hallway Intersection 6 Level 2","Hallway B0602","Team B"
"BHALL00702",2672,902,2,"45 Francis","HALL","Hallway Intersection 7 Level 2","Hallway B0702","Team B"
"BHALL00802",2604,783,2,"45 Francis","HALL","Hallway Intersection 8 Level 2","Hallway B0802","Team B"
"BHALL00902",2335,590,2,"45 Francis","HALL","Hallway Intersection 9 Level 2","Hallway B0902","Team B"
"BHALL01002",2713,903,2,"45 Francis","HALL","Hallway Intersection 10 Level 2","Hallway B1002","Team B"
"BHALL01102",2921,903,2,"45 Francis","HALL","Hallway Intersection 11 Level 2","Hallway B1102","Team B"
"BHALL01202",2945,900,2,"45 Francis","HALL","Hallway Intersection 12 Level 2","Hallway B1202","Team B"
"BHALL01302",3135,890,2,"45 Francis","HALL","Hallway Intersection 13 Level 2","Hallway B1302","Team B"
"BHALL01402",3296,883,2,"45 Francis","HALL","Hallway Intersection 14 Level 2","Hallway B1402","Team B"
"BHALL01502",2680,820,2,"45 Francis","HALL","Hallway Intersection 15 Level 2","Hallway B1502","Team B"
"BHALL01602",2721,750,2,"45 Francis","HALL","Hallway Intersection 16 Level 2","Hallway B1602","Team B"
"BHALL01702",2945,710,2,"45 Francis","HALL","Hallway Intersection 17 Level 2","Hallway B1702","Team B"
"BHALL01802",2610,953,2,"45 Francis","HALL","Hallway Intersection 18 Level 2","Hallway B1802","Team B"
"BHALL01902",2679,1038,2,"45 Francis","HALL","Hallway intersection 19 Level 2","Hallway B1902","Team B"
"BHALL02002",2761,1041,2,"45 Francis","HALL","Hallway Intersection 20 Level 2","Hallway B2002","Team B"
"BHALL02102",2841,1024,2,"45 Francis","HALL","Hallway Intersection 21 Level 2","Hallway B2102","Team B"
"BHALL02202",2900,985,2,"45 Francis","HALL","Hallway Intersection 22 Level 2","Hallway B2202","Team B"
"BHALL02302",2914,963,2,"45 Francis","HALL","Hallway Intersection 23 Level 2","Hallway B2302","Team B"
"BHALL02402",3039,988,2,"45 Francis","HALL","Hallway Intersection 24 Level 2","Hallway B2402","Team B"
"BHALL02502",3163,965,2,"45 Francis","HALL","Hallway Intersection 25 Level 2","Hallway B2502","Team B"
"BHALL02602",3285,941,2,"45 Francis","HALL","Hallway Intersection 26 Level 2","Hallway B2602","Team B"
"BHALL02702",3288,1043,2,"45 Francis","HALL","Hallway Intersection 27 Level 2","Hallway B2702","Team B"
"BHALL02802",3063,1043,2,"45 Francis","HALL","Hallway Intersection 28 Level 2","Hallway B2802","Team B"
"BHALL02902",2788,1091,2,"45 Francis","HALL","Hallway Intersection 29 Level 2","Hallway B2902","Team B"
"BHALL03002",2785,1165,2,"45 Francis","HALL","Hallway Intersection 30 Level 2","Hallway B3002","Team B"
"BHALL03102",2552,1284,2,"45 Francis","HALL","Hallway Intersection 31 Level 2","Hallway B3102","Team B"
"BHALL03202",2558,1472,2,"45 Francis","HALL","Hallway Intersection 32 Level 2","Hallway B3202","Team B"
"BINFO00102",2962,962,2,"45 Francis","INFO","Information Desk 1 Level 2","INFO B0102","Team B"
"BINFO00202",3136,963,2,"45 Francis","INFO","Key icon Level 2","INFO B0202","Team B"
"BLABS00102",2248,1336,2,"45 Francis","LABS","Vascular Diagnostic Lab Level 2","Labs B0102","Team B"
"BLABS00202",2945,995,2,"45 Francis","LABS","Outpatient Speciman Collection Level 2","Labs B0202","Team B"
"BREST00102",2178,1016,2,"45 Francis","REST","Restroom 1 Level 2","REST B0102","Team B"
"BREST00202",2606,841,2,"45 Francis","REST","Restroom 2 Level 2","REST B0202","Team B"
"BREST00302",2225,1278,2,"45 Francis","REST","Restroom 3 Level 2","REST B0302","Team B"
"BREST00402",2553,1389,2,"45 Francis","REST","Restroom 4 Level 2","REST B0402","Team B"
"BREST00502",2775,1152,2,"45 Francis","REST","Restroom 5 Level 2","REST B0502","Team B"
"BRETL00102",3279,1005,2,"45 Francis","RETL","Cafe 1 Level 2","RETL B0102","Team B"
"BSERV00102",2853,1067,2,"45 Francis","SERV","Patient Financial Services Level 2","SERV B0102","Team B"
"BSTAI00102",2177,902,2,"45 Francis","STAI","Staircase Intersection 1 Level 2","Stair B0102","Team B"
"BSTAI00202",2282,827,2,"45 Francis","STAI","Staircase Intersection 2 Level 2","Stair B0202","Team B"
"BSTAI00302",2554,784,2,"45 Francis","STAI","Staircase Intersection 3 Level 2","Stair B0302","Team B"
"BSTAI00402",2905,895,2,"45 Francis","STAI","Staircase Intersection 4 Level 2","Stair B0402","Team B"
"BSTAI00502",2946,840,2,"45 Francis","STAI","Staircase Intersection 5 Level 2","Stair B0502","Team B"
"BSTAI00602",3217,884,2,"45 Francis","STAI","Staircase Intersection 6 Level 2","Stair B0602","Team B"
"BSTAI00702",2811,1159,2,"45 Francis","STAI","Staircase Intersection 7 Level 2","Stair B0702","Team B"
"BSTAI00802",2554,1316,2,"45 Francis","STAI","Staircase Intersection 8 Level 2","Stair B0802","Team B"
"BSTAI00902",2190,1290,2,"45 Francis","STAI","Staircase Intersection 9 Level 2","Stair B0902","Team B"
"BSTAI01002",2231,932,2,"45 Francis","STAI","Staircase Intersection 10 Level 2","Stair B1002","Team B"
"BHALL03302",3228,880,2,"45 Francis","HALL","Hallway Intersection 33 Level 2","Hallway B3302","Team B"
"BHALL03402",3075,967,2,"45 Francis","HALL","Hallway Intersection 34 Level 2","Hallway B3402","Team B"
"CCONF001L1",2255,850,"L1","45 Francis","CONF","Anesthesia Conf Floor L1","Conf C001L1","Team C"
"CCONF002L1",2665,1043,"L1","45 Francis","CONF","Medical Records Conference Room Floor L1","Conf C002L1","Team C"
"CCONF003L1",2445,1245,"L1","45 Francis","CONF","Abrams Conference Room","Conf C003L1","Team C"
"CDEPT002L1",1980,845,"L1","Tower","DEPT","Day Surgery Family Waiting Floor L1","Department C002L1","Team C"
"CDEPT003L1",1845,845,"L1","Tower","DEPT","Day Surgery Family Waiting Exit Floor L1","Department C003L1","Team C"
"CDEPT004L1",2310,1043,"L1","45 Francis","DEPT","Medical Records Film Library Floor L1","Department C004L1","Team C"
"CHALL001L1",1732,925,"L1","Tower","HALL","Hallway 1 Floor L1","Hallway C001L1","Team C"
"CHALL001L2",2360,855,"L2","45 Francis","HALL","Hallway K Elevator Floor L2","Hallway C001L2","Team C"
"CHALL002L1",2445,1043,"L1","45 Francis","HALL","Hallway 2 Floor L1","Hallway C002L1","Team C"
"CHALL002L2",2270,905,"L2","45 Francis","HALL","Hallway 2 Floor L2","Hallway C002L2","Team C"
"CHALL003L1",2445,1285,"L1","45 Francis","HALL","Hallway 3 Floor L1","Hallway C003L1","Team C"
"CHALL003L2",2215,905,"L2","45 Francis","HALL","Hallway 3 Floor L2","Hallway C003L2","Team C"
"CHALL004L1",2770,1070,"L1","45 Francis","HALL","Hallway 4 Floor L1","Hallway C004L1","Team C"
"CHALL004L2",2130,905,"L2","45 Francis","HALL","Hallway 4 Floor L2","Hallway C004L2","Team C"
"CHALL005L1",1750,1285,"L1","Tower","HALL","Hallway 5 Floor L1","Hallway C005L1","Team C"
"CHALL005L2",1745,1280,"L2","Tower","HALL","Hallway 5 Floor L2","Hallway C005L2","Team C"
"CHALL006L1",2130,1285,"L1","Tower","HALL","Hallway 6 Floor L1","Hallway C006L1","Team C"
"CHALL006L2",1745,1010,"L2","Tower","HALL","Hallway 6 Floor L2","Hallway C006L2","Team C"
"CHALL007L1",2130,1045,"L1","Tower","HALL","Hallway 7 Floor L1","Hallway C007L1","Team C"
"CHALL007L2",1730,1010,"L2","Tower","HALL","Hallway 7 Floor L2","Hallway C007L2","Team C"
"CHALL008L1",2215,1045,"L1","45 Francis","HALL","Hallway 8 Floor L1","Hallway C008L1","Team C"
"CHALL008L2",1730,925,"L2","Tower","HALL","Hallway 8 Floor L2","Hallway C008L2","Team C"
"CHALL009L1",2220,905,"L1","45 Francis","HALL","Hallway 9 Floor L1","Hallway C009L1","Team C"
"CHALL009L2",1730,850,"L2","Tower","HALL","Hallway 9 Floor L2","Hallway C009L2","Team C"
"CHALL010L1",2265,905,"L1","45 Francis","HALL","Hallway 10 Floor L1","Hallway C010L1","Team C"
"CHALL010L2",2130,850,"L2","Tower","HALL","Hallway 10 Floor L2","Hallway C010L2","Team C"
"CHALL011L1",2360,850,"L1","45 Francis","HALL","Hallway 11 Floor L1","Hallway C011L1","Team C"
"CHALL012L1",2130,905,"L1","45 Francis","HALL","Hallway 12 Floor L1","Hallway C012L1","Team C"
"CHALL013L1",2130,845,"L1","45 Francis","HALL","Hallway 13 Floor L1","Hallway C013L1","Team C"
"CHALL014L1",1845,925,"L1","Tower","HALL","Hallway 14 Floor L1","Hallway C014L1","Team C"
"CHALL015L1",2300,850,"L1","45 Francis","HALL","Hallway 15 Floor L1","Hallway C015L1","Team C"
"CLABS001L1",1965,1285,"L1","Tower","LABS","Outpatient Fluoroscopy Floor L1","Lab C001L1","Team C"
"CLABS001L2",2300,855,"L2","45 Francis","LABS","Radiation Oncology T/X Suite Floor L2","Lab C001L2","Team C"
"CLABS002L1",1750,1090,"L1","Tower","LABS","Pre-Op PACU Floor L1","Lab C002L1","Team C"
"CLABS002L2",2215,1280,"L2","45 Francis","LABS","Radiation Oncology Floor L2","Lab C002L2","Team C"
"CLABS003L1",2290,1285,"L1","45 Francis","LABS","Nuclear Medicine Floor L1","Lab C003L1","Team C"
"CLABS004L1",2320,1285,"L1","45 Francis","LABS","Ultrasound Floor L1","Lab C004L1","Team C"
"CLABS005L1",2770,1285,"L1","45 Francis","LABS","CSIR MRI Floor L1","Lab C005L1","Team C"
"CREST001L1",1732,1020,"L1","Tower","REST","Restroom L Elevator Floor L1","Restroom C001L1","Team C"
"CREST001L2",2300,885,"L2","45 Francis","REST","Restroom K Elevator Floor L2","Restroom C001L2","Team C"
"CREST002L1",2065,1285,"L1","Tower","REST","Restroom M Elevator Floor L1","Restroom C002L1","Team C"
"CREST002L2",1930,1280,"L2","45 Francis","REST","Restroom L Elevator Floor L2","Restroom C002L2","Team C"
"CREST003L1",2300,880,"L1","45 Francis","REST","Restroom K Elevator Floor L1","Restroom C003L1","Team C"
"CREST004L1",2770,1160,"L1","45 Francis","REST","Restroom H Elevator Floor L1","Restroom C004L1","Team C"
"CRETL001L1",2185,905,"L1","45 Francis","RETL","Vending Machine 1 L1","Retail C001L1","Team C"
"CSERV001L1",2490,1043,"L1","45 Francis","SERV","Volunteers Floor L1","Service C001L1","Team C"
"CSERV001L2",2015,1280,"L2","45 Francis","SERV","Interpreter Services Floor L2","Service C001L2","Team C"
"DELEV00A02",4550,375,2,"15 Francis","ELEV","Elevator A Floor 2","Elevator A2","Team D"
"DELEV00B02",4155,650,2,"15 Francis","ELEV","Elevator B Floor 2","Elevator B2","Team D"
"DELEV00C02",3955,885,2,"15 Francis","ELEV","Elevator C Floor 2","Elevator C2","Team D"
"DELEV00D02",3475,760,2,"15 Francis","ELEV","Elevator D Floor 2","Elevator D2","Team D"
"DREST00102",4125,625,2,"15 Francis","REST","Restroom B elevator Floor 2","Restroom B","Team D"
"DREST00202",3895,695,2,"15 Francis","REST","Restroom C elevator Floor 2","Restroom C","Team D"
"DREST00302",3635,830,2,"15 Francis","REST","Restroom C-D elevator Floor 2","Restroom C-D","Team D"
"DREST00402",3525,850,2,"15 Francis","REST","Restroom D elevator Floor 2","Restroom D","Team D"
"DINFO00102",4210,630,2,"15 Francis","INFO","15 Francis Security Desk Floor 2","Information Desk","Team D"
"DINFO00202",3490,825,2,"15 Francis","INFO","Security Desk Thorn Floor 2","Security Desk","Team D"
"DDEPT00102",4330,700,2,"15 Francis","DEPT","Chest Diseases Floor 2","Chest Diseases","Team D"
"DDEPT00202",4240,730,2,"15 Francis","DEPT","Thoracic Surgery Clinic Floor 2","Thoracic Surgery Clinic","Team D"
"DDEPT00302",3900,640,2,"15 Francis","DEPT","Brigham Health Floor 2","Brigham Health","Team D"
"DDEPT00402",3425,870,2,"15 Francis","DEPT","Waiting Room Floor 2","Waiting Room","Team D"
"DLABS00102",3830,775,2,"15 Francis","LABS","MRI Associates Floor 2","MRI Associates","Team D"
"DCONF00102",4595,550,2,"15 Francis","CONF","Carrie M. Hall Conference Center Floor 2","Conference Center","Team D"
"DRETL00102",4270,480,2,"15 Francis","RETL","Pat's Place Floor 2","Pat's Place","Team D"
"DEXIT00102",4295,750,2,"15 Francis","EXIT","15 Lobby Entrance Floor 2","15 Lobby Entrance","Team D"
"DSTAI00102",4650,675,2,"15 Francis","STAI","Staircase1 Floor2","Staircase1","Team D"
"DSTAI00202",4330,580,2,"15 Francis","STAI","Staircase2 Floor2","Staircase2","Team D"
"DSTAI00302",4250,440,2,"15 Francis","STAI","Staircase3 Floor2","Staircase3","Team D"
"DSTAI00402",4175,620,2,"15 Francis","STAI","Staircase4 Floor2","Staircase4","Team D"
"DSTAI00502",4065,630,2,"15 Francis","STAI","Staircase5 Floor2","Staircase5","Team D"
"DSTAI00602",3950,865,2,"15 Francis","STAI","Staircase6 Floor2","Staircase6","Team D"
"DSTAI00702",3855,565,2,"15 Francis","STAI","Staircase7 Floor2","Staircase7","Team D"
"DSTAI00802",3535,645,2,"15 Francis","STAI","Staircase8 Floor2","Staircase8","Team D"
"DHALL00102",4770,1140,2,"15 Francis","HALL","Hallway 1 Floor 2","Hallway D0102","Team D"
"DHALL00202",4750,1080,2,"15 Francis","HALL","Hallway 2 Floor 2","Hallway D0202","Team D"
"DHALL00302",4725,995,2,"15 Francis","HALL","Hallway 3 Floor 2","Hallway D0302","Team D"
"DHALL00402",4785,975,2,"15 Francis","HALL","Hallway 4 Floor 2","Hallway D0402","Team D"
"DHALL00502",4705,925,2,"15 Francis","HALL","Hallway 5 Floor 2","Hallway D0502","Team D"
"DHALL00602",4690,870,2,"15 Francis","HALL","Hallway 6 Floor 2","Hallway D0602","Team D"
"DHALL00702",4675,820,2,"15 Francis","HALL","Hallway 7 Floor 2","Hallway D0702","Team D"
"DHALL00802",4660,770,2,"15 Francis","HALL","Hallway 8 Floor 2","Hallway D0802","Team D"
"DHALL00902",4635,680,2,"15 Francis","HALL","Hallway 9 Floor 2","Hallway D0902","Team D"
"DHALL01002",4625,650,2,"15 Francis","HALL","Hallway 10 Floor 2","Hallway D1002","Team D"
"DHALL01102",4605,655,2,"15 Francis","HALL","Hallway 11 Floor 3","Hallway D1102","Team D"
"DHALL01202",4570,555,2,"15 Francis","HALL","Hallway 12 Floor 3","Hallway D1202","Team D"
"DHALL01302",4545,460,2,"15 Francis","HALL","Hallway 13 Floor 3","Hallway D1302","Team D"
"DHALL01402",4570,455,2,"15 Francis","HALL","Hallway 14 Floor 3","Hallway D1402","Team D"
"DHALL01502",4480,580,2,"15 Francis","HALL","Hallway 15 Floor 3","Hallway D1502","Team D"
"DHALL01602",4390,605,2,"15 Francis","HALL","Hallway 16 Floor 3","Hallway D1602","Team D"
"DHALL01702",4385,585,2,"15 Francis","HALL","Hallway 17 Floor 3","Hallway D1702","Team D"
"DHALL01802",4340,625,2,"15 Francis","HALL","Hallway 18 Floor 3","Hallway D1802","Team D"
"DHALL01902",4310,585,2,"15 Francis","HALL","Hallway 19 Floor 3","Hallway D1902","Team D"
"DHALL02002",4295,530,2,"15 Francis","HALL","Hallway 20 Floor 3","Hallway D2002","Team D"
"DHALL02102",4280,475,2,"15 Francis","HALL","Hallway 21 Floor 4","Hallway D2102","Team D"
"DHALL02202",4270,440,2,"15 Francis","HALL","Hallway 22 Floor 4","Hallway D2202","Team D"
"DHALL02302",4280,435,2,"15 Francis","HALL","Hallway 23 Floor 4","Hallway D2302","Team D"
"DHALL02402",4295,475,2,"15 Francis","HALL","Hallway 24 Floor 4","Hallway D2402","Team D"
"DHALL02502",4285,715,2,"15 Francis","HALL","Hallway 25 Floor 4","Hallway D2502","Team D"
"DHALL02602",4270,650,2,"15 Francis","HALL","Hallway 26 Floor 4","Hallway D2602","Team D"
"DHALL02702",4220,660,2,"15 Francis","HALL","Hallway 27 Floor 4","Hallway D2702","Team D"
"DHALL02802",4185,665,2,"15 Francis","HALL","Hallway 28 Floor 4","Hallway D2802","Team D"
"DHALL02902",4140,680,2,"15 Francis","HALL","Hallway 29 Floor 4","Hallway D2902","Team D"
"DHALL03002",4130,650,2,"15 Francis","HALL","Hallway 30 Floor 4","Hallway D3002","Team D"
"DHALL03102",4020,715,2,"15 Francis","HALL","Hallway 31 Floor 5","Hallway D3102","Team D"
"DHALL03202",4000,645,2,"15 Francis","HALL","Hallway 32 Floor 5","Hallway D3202","Team D"
"DHALL03302",3925,740,2,"15 Francis","HALL","Hallway 33 Floor 5","Hallway D3302","Team D"
"DHALL03402",3945,790,2,"15 Francis","HALL","Hallway 34 Floor 5","Hallway D3402","Team D"
"DHALL03502",3955,830,2,"15 Francis","HALL","Hallway 35 Floor 5","Hallway D3502","Team D"
"DHALL03602",3965,860,2,"15 Francis","HALL","Hallway 36 Floor 5","Hallway D3602","Team D"
"DHALL03702",3970,880,2,"15 Francis","HALL","Hallway 37 Floor 5","Hallway D3702","Team D"
"DHALL03802",3980,910,2,"15 Francis","HALL","Hallway 38 Floor 5","Hallway D3802","Team D"
"DHALL03902",3910,685,2,"15 Francis","HALL","Hallway 39 Floor 5","Hallway D3902","Team D"
"DHALL04002",3875,560,2,"15 Francis","HALL","Hallway 40 Floor 5","Hallway D4002","Team D"
"DHALL04102",3870,540,2,"15 Francis","HALL","Hallway 41 Floor 6","Hallway D4102","Team D"
"DHALL04202",3865,750,2,"15 Francis","HALL","Hallway 42 Floor 6","Hallway D4202","Team D"
"DHALL04302",3860,725,2,"15 Francis","HALL","Hallway 43 Floor 6","Hallway D4302","Team D"
"DHALL04402",3775,745,2,"15 Francis","HALL","Hallway 44 Floor 6","Hallway D4402","Team D"
"DHALL04502",3825,760,2,"15 Francis","HALL","Hallway 45 Floor 6","Hallway D4502","Team D"
"DHALL04602",3745,780,2,"15 Francis","HALL","Hallway 46 Floor 6","Hallway D4602","Team D"
"DHALL04702",3655,805,2,"15 Francis","HALL","Hallway 47 Floor 6","Hallway D4702","Team D"
"DHALL04802",3645,775,2,"15 Francis","HALL","Hallway 48 Floor 2","Hallway D4802","Team D"
"DHALL04902",3630,810,2,"15 Francis","HALL","Hallway 49 Floor 2","Hallway D4902","Team D"
"DHALL05002",3575,825,2,"15 Francis","HALL","Hallway 50 Floor 2","Hallway D5002","Team D"
"DHALL05102",3555,730,2,"15 Francis","HALL","Hallway 51 Floor 2","Hallway D5102","Team D"
"DHALL05202",3525,840,2,"15 Francis","HALL","Hallway 52 Floor 2","Hallway D5202","Team D"
"DHALL05302",3490,845,2,"15 Francis","HALL","Hallway 53 Floor 2","Hallway D5302","Team D"
"DHALL05402",3450,850,2,"15 Francis","HALL","Hallway 54 Floor 2","Hallway D5402","Team D"
"DHALL05502",3440,800,2,"15 Francis","HALL","Hallway 55 Floor 2","Hallway D5502","Team D"
"DHALL05602",3480,790,2,"15 Francis","HALL","Hallway 56 Floor 2","Hallway D5602","Team D"
"DHALL05702",3510,790,2,"15 Francis","HALL","Hallway 57 Floor 2","Hallway D5702","Team D"
"DHALL05802",3420,850,2,"15 Francis","HALL","Hallway 58 Floor 2","Hallway D5802","Team D"
"ESTAI00101",2190,910,1,"45 Francis","STAI","Staircase K1 Floor 1","Stair K1","Team E"
"EHALL00301",2240,910,1,"45 Francis","HALL","Hallway Node 1 Floor 1","Hall 01","Team E"
"EHALL00401",2275,910,1,"45 Francis","HALL","Hallway Node 2 Floor 1","HallE02","Team E"
"ESTAI00201",2275,830,1,"45 Francis","STAI","Staircase J1 Floor 1","Stair J1","Team E"
"EEXIT00101",2275,785,1,"45 Francis","EXIT","Ambulance Parking Exit Floor 1","AmbExit 1","Team E"
"EHALL00501",2290,910,1,"45 Francis","HALL","Hallway Node 3 Floor 1","HallE03","Team E"
"EHALL00601",2385,910,1,"45 Francis","HALL","Hallway Node 4 Floor 1","HallE04","Team E"
"EHALL00701",2385,860,1,"45 Francis","HALL","Hallway Node 5 Floor 1","HallE05","Team E"
"EDEPT00101",2335,860,1,"45 Francis","DEPT","Waiting Room 1 Floor 1","Wait 1","Team E"
"EHALL00801",2460,910,1,"45 Francis","HALL","Hallway Node 6 Floor 1","HallE06","Team E"
"EINFO00101",2460,850,1,"45 Francis","INFO","Connor's Center Security Desk Floor 1","Security 1","Team E"
"EHALL00901",2585,910,1,"45 Francis","HALL","Hallway Node 7 Floor 1","HallE07","Team E"
"EHALL01001",2585,890,1,"45 Francis","HALL","Hallway Node 8 Floor 1","HallE08","Team E"
"EHALL01101",2610,910,1,"45 Francis","HALL","Hallway Node 9 Floor 1","HallE09","Team E"
"EHALL01201",2610,955,1,"45 Francis","HALL","Hallway Node 10 Floor 1","HallE10","Team E"
"EHALL01301",2660,955,1,"45 Francis","HALL","Hallway Node 11 Floor 1","HallE11","Team E"
"EHALL01401",2660,980,1,"45 Francis","HALL","Hallway Node 12 Floor 1","HallE12","Team E"
"EHALL01501",2675,910,1,"45 Francis","HALL","Hallway Node 13 Floor 1","HallE13","Team E"
"EHALL01601",2910,910,1,"45 Francis","HALL","Hallway Node 14 Floor 1","HallE14","Team E"
"EHALL01701",2910,890,1,"45 Francis","HALL","Hallway Node 15 Floor 1","HallE15","Team E"
"EHALL01801",2925,910,1,"45 Francis","HALL","Hallway Node 16 Floor 1","HallE16","Team E"
"EHALL01901",2960,900,1,"45 Francis","HALL","Hallway Node 17 Floor 1","HallE17","Team E"
"EHALL02001",2950,745,1,"45 Francis","HALL","Hallway Node 18 Floor 1","HallE18","Team E"
"EREST00101",2950,730,1,"45 Francis","REST","Restroom G1 Floor 1","Restroom G1","Team E"
"EEXIT00201",2950,705,1,"45 Francis","EXIT","Exit 2 Floor 1","Exit 2","Team E"
"ELABS00101",3050,730,1,"45 Francis","LABS","Asthma Research Floor 1","Asthma 1","Team E"
"EDEPT00201",3100,890,1,"45 Francis","DEPT","Wound and Ambulatory 1","WCCAT 1","Team E"
"EDEPT00301",3200,880,1,"45 Francis","DEPT","Ocupational Health Floor 1","Ocupational 1","Team E"
"EHALL02101",3230,880,1,"45 Francis","HALL","Hallway Node 19 Floor 1","HallE19","Team E"
"EHALL02201",3270,875,1,"45 Francis","HALL","Hallway Node 20 Floor 1","HallE20","Team E"
"EHALL02301",3325,870,1,"45 Francis","HALL","Hallway Node 21 Floor 1","HallE21","Team E"
"EHALL02401",2770,980,1,"45 Francis","HALL","Hallway Node 22 Floor 1","HallE22","Team E"
"EHALL02501",2925,980,1,"45 Francis","HALL","Hallway Node 23 Floor 1","HallE23","Team E"
"EREST00201",2985,980,1,"45 Francis","REST","Restroom F1 Floor 1","Restroom F1","Team E"
"EHALL02601",3085,980,1,"45 Francis","HALL","Hallway Node 24 Floor 1","HallE24","Team E"
"EHALL02701",3085,1000,1,"45 Francis","HALL","Hallway Node 25 Floor 1","HallE25","Team E"
"EHALL02801",2925,1050,1,"45 Francis","HALL","Hallway Node 26 Floor 1","HallE26","Team E"
"EHALL02901",2770,1070,1,"45 Francis","HALL","Hallway Node 27 Floor 1","HallE27","Team E"
"EHALL03001",2790,1070,1,"45 Francis","HALL","Hallway Node 28 Floor 1","HallE28","Team E"
"ESTAI00301",2790,1155,1,"45 Francis","STAI","Staircase H1 Floor 1","Stair H1","Team E"
"EREST00301",2790,1190,1,"45 Francis","REST","Restroom H1 Floor 1","Restroom H1","Team E"
"ELABS00201",2790,1290,1,"45 Francis","LABS","Ambulatory X-Ray Floor 1","X-Ray 1","Team E"
"EDEPT00401",2790,1380,1,"45 Francis","DEPT","Rehabilitation Services Floor 1","Rehab 1","Team E"
"EHALL03101",2790,1460,1,"45 Francis","HALL","Hallway Node 29 Floor 1","HallE29","Team E"
"EHALL03201",2670,1380,1,"45 Francis","HALL","Hallway Node 30 Floor 1","HallE30","Team E"
"EHALL03301",2605,1380,1,"45 Francis","HALL","Hallway Node 31 Floor 1","HallE31","Team E"
"ESTAI00401",2605,1340,1,"45 Francis","STAI","Staircase H2 Floor 1","Stair H2","Team E"
"EHALL03401",2835,1460,1,"45 Francis","HALL","Hallway Node 32 Floor 1","HallE32","Team E"
"EHALL03501",2760,1460,1,"45 Francis","HALL","Hallway Node 33 Floor 1","HallE33","Team E"
"EHALL03601",2760,1405,1,"45 Francis","HALL","Hallway Node 34 Floor 1","HallE34","Team E"
"FHALL00101",2055,910,1,"Tower","HALL","Lower Pike Hallway Exit Lobby","Hallway F00101","Team F"
"FHALL00201",2026,910,1,"Tower","HALL","Lobby Shattuck Street","Hallway F00201","Team F"
"FSTAI00101",2026,892,1,"Tower","STAI","Lobby Shattuck Street Stairs","Stairway F00101","Team F"
"FHALL00301",2017,910,1,"Tower","HALL","Shattuck Street Lobby 1","Hallway F00301","Team F"
"FEXIT00101",2017,799,1,"Tower","EXIT","Shattuck Street Lobby Exit","Shattuck St. Exit","Team F"
"FHALL00401",1973,910,1,"Tower","HALL","Shattuck Street Lobby 2","Hallway F00401","Team F"
"FRETL00101",1973,844,1,"Tower","RETL","Lobby Vending Machine","VM Lobby","Team F"
"FHALL00501",1950,910,1,"Tower","HALL","Shattuck Street Lobby 3","Hallway F00501","Team F"
"FSERV00101",1950,871,1,"Tower","SERV","Shattuck Street Lobby ATM","Lobby ATM","Team F"
"FHALL00601",1869,930,1,"Tower","HALL","Tower Lobby Entrance 1","Tower Entrance","Team F"
"FHALL00701",1758,930,1,"Tower","HALL","Tower Elevator Entrance","Hallway F00701","Team F"
"FHALL00801",1758,850,1,"Tower","HALL","Tower Hallway 1","Hallway F00801","Team F"
"FHALL01301",1627,825,1,"Tower","HALL","Tower Hallway 5","Hallway F01301","Team F"
"FHALL00901",1627,850,1,"Tower","HALL","Tower Hallway 2","Hallway F00901","Team F"
"FHALL01001",1627,802,1,"Tower","HALL","Tower Hallway 3","Hallway F01001","Team F"
"FSTAI00201",1673,802,1,"Tower","STAI","Tower Stairway 1","Tower Stairs 1","Team F"
"FHALL01101",1627,930,1,"Tower","HALL","Tower Hallway 4","Hallway F01101","Team F"
"FHALL01201",1548,930,1,"Tower","HALL","Tower Staff Entrance","Hallway F01201","Team F"
"FDEPT00101",1617,825,1,"Tower","DEPT","Center for International Medicine","CIM","Team F"
"FSERV00401",1721,970,1,"Tower","DEPT","Spiritual Care Office","SCO","Team F"
"FHALL01401",1627,1029,1,"Tower","HALL","Tower Hallway 6","Hallway F01401","Team F"
"FSERV00201",1605,1029,1,"Tower","SERV","Tower Medical Cashier","Tower Cashier","Team F"
"FHALL01501",1627,1060,1,"Tower","HALL","Tower Hallway 7","Hallway F01501","Team F"
"FHALL01601",1758,1060,1,"Tower","HALL","Tower Hallway 8","Hallway F01601","Team F"
"FHALL01701",1721,956,1,"Tower","HALL","Tower Hallway 9","Hallway F01701","Team F"
"FDEPT00301",1721,931,1,"Tower","DEPT","Multifaith Chapel","Chapel","Team F"
"FHALL01801",1758,956,1,"Tower","HALL","Tower Hallway 10","Hallway F01801","Team F"
"FHALL01901",1758,1120,1,"Tower","HALL","Tower Hallway 11","Hallway F01901","Team F"
"FHALL02001",1700,1120,1,"Tower","HALL","Tower Hallway 12","Hallway F02001","Team F"
"FDEPT00201",1610,1120,1,"Tower","DEPT","Bretholtz Center for Patients and Families","Bretholtz WR","Team F"
"FSERV00301",1700,1158,1,"Tower","SERV","Kessler Library","Kessler Library","Team F"
"FHALL02101",1769,1146,1,"Tower","HALL","Tower Hallway Entrance","Tower Entrance 2","Team F"
"FDEPT00401",1794,1146,1,"Tower","DEPT","Sharf Admitting Center","Sharf Center","Team F"
"FHALL02201",1769,1280,1,"Tower","HALL","Hallway Lobby Entrance","Entrance Hallway","Team F"
"FLABS00101",1845,1250,1,"Tower","LABS","Obstetrics Admitting","Obs Admitting","Team F"
"FHALL02301",1845,1280,1,"Tower","HALL","Lobby Hallway 1","Hallway F02301","Team F"
"FHALL02401",1965,1280,1,"Tower","HALL","Lobby Hallway 2","Hallway F02401","Team F"
"FHALL02501",1965,1239,1,"Tower","HALL","Lobby Hallway 3","Hallway F02501","Team F"
"FSTAI00301",1947,1239,1,"Tower","STAI","Lobby Escalator","Lobby Escalator","Team F"
"FHALL02601",2026,1239,1,"Tower","HALL","Lobby Hallway 4","Hallway F02601","Team F"
"FHALL02701",2066,1239,1,"Tower","HALL","Lobby Hallway 7","Hallway F02701","Team F"
"FDEPT00501",2128,1300,1,"Tower","DEPT","Emergency Department","Emergency","Team F"
"FHALL02801",1748,1280,1,"Tower","HALL","Lobby Entrance Hallway","HallwayF02801","Team F"
"FEXIT00201",1748,1321,1,"Tower","EXIT","75 Francis Valet Drop-off","75 Francis Exit","Team F"
"FHALL02901",1700,1280,1,"Tower","HALL","75 Lobby","75 Lobby","Team F"
"FINFO00101",1700,1226,1,"Tower","INFO","75 Lobby Information Desk","Lobby Info Desk","Team F"
"FSERV00501",1645,1280,1,"Tower","SERV","75 Lobby Valet Cashier","Valet Cashier","Team F"
"FHALL03001",1645,1246,1,"Tower","HALL","Lobby Hallway 5","Hallway F02701","Team F"
"FRETL00201",1609,1246,1,"Tower","RETL","Au Bon Pain","ABP","Team F"
"FHALL03101",2026,976,1,"Tower","HALL","Lobby Hallway 6","Hallway F02801","Team F"
"FREST00101",2091,976,1,"Tower","REST","Bathroom 75 Lobby","Bathroom Lobby","Team F"
"FEXIT00301",2099,1357,1,"Tower","EXIT","Emergency Department Entrance","Emergency Entrance","Team F"
"FHALL03201",1758,1029,1,"Tower","HALL","Tower Hallway 13","Hallway F03201","Team F"
"FDEPT00601",1780,1029,1,"Tower","DEPT","International Patient Center","IPC","Team F"
"FHALL03301",2066,1282,1,"Tower","HALL","Emergency Hallway","Hallway F03301","Team F"
"GCONF02001",1513,2116,1,"Shapiro","CONF","Shapiro Board Room Node 20 Floor 1","Shapiro Board Room","Team G"
"GDEPT01901",1567,2116,1,"Shapiro","DEPT","Zinner Breakout Room Node 19 Floor 1","Zinner Breakout Room","Team G"
"GELEV00N01",1647,1930,1,"Shapiro","ELEV","Elevator N Node 26 Floor 1","","Team G"
"GELEV00Q01",1607,2115,1,"Shapiro","ELEV","Elevator Q Node 18 Floor 1","Elevator Q Floor 1","Team G"
"GEXIT00101",1748,1832,1,"Shapiro","EXIT","Francis Street Exit Node 1 Floor 1","Francis Street Exit Floor 1","Team G"
"GHALL00201",1722,1832,1,"Shapiro","HALL","Hallway Node 2 Floor 1","","Team G"
"GHALL00301",1705,1831,1,"Shapiro","HALL","Hallway Node 3 Floor 1","","Team G"
"GHALL00601",1707,2015,1,"Shapiro","HALL","Hallway Node 6 Floor 1","","Team G"
"GHALL00701",1708,2092,1,"Shapiro","HALL","Hallway Node 7 Floor 1","","Team G"
"GHALL00801",1707,2152,1,"Shapiro","HALL","Hallway Node 8 Floor 1","","Team G"
"GHALL00901",1707,2164,1,"Shapiro","HALL","Hallway Node 9 Floor 1","","Team G"
"GHALL01001",1673,2165,1,"Shapiro","HALL","Hallway Node 10 Floor 1","","Team G"
"GHALL01401",1749,2151,1,"Shapiro","HALL","Hallway Node 14 Floor 1","","Team G"
"GHALL01501",1749,2224,1,"Shapiro","HALL","Hallway Node 15 Floor 1","","Team G"
"GHALL01601",1689,2225,1,"Shapiro","HALL","Hallway Node 16 Floor 1","","Team G"
"GHALL01701",1605,2093,1,"Shapiro","HALL","Hallway Node 17 Floor 1","","Team G"
"GHALL02101",1600,1830,1,"Shapiro","HALL","Hallway Node 21 Floor 1","","Team G"
"GHALL02201",1601,1866,1,"Shapiro","HALL","Hallway Node 22 Floor 1","","Team G"
"GHALL02401",1602,1928,1,"Shapiro","HALL","Hallway Node 24 Floor 1","","Team G"
"GHALL02801",1270,1830,1,"Shapiro","HALL","Hallway Node 28 Floor 1","","Team G"
"GHALL02901",1262,1850,1,"Shapiro","HALL","Hallway Node 29 Floor 1","","Team G"
"GHALL0301",1256,1858,1,"Shapiro","HALL","Hallway Node 30 Floor 1","","Team G"
"GHALL03101",1227,1859,1,"Shapiro","HALL","Hallway Node 31 Floor 1","","Team G"
"GHALL03301",1255,1872,1,"Shapiro","HALL","Hallway Node 33 Floor 1","","Team G"
"GHALL03401",1284,1872,1,"Shapiro","HALL","Hallway Node 34 Floor 1","","Team G"
"GREST01201",1671,2015,1,"Shapiro","REST","Bathroom Node 12 Floor 1","Restroom Shapiro Floor 1","Team G"
"GRETL03501",1284,1884,1,"Shapiro","REST","Random Room Node 35 Floor 1","Secret Room Floor 1","Team G"
"GSERV02301",1600,1895,1,"Shapiro","SERV","ATM Node 23 Floor 1","ATM Floor 1","Team G"
"GSTAI00501",1707,1992,1,"Shapiro","STAI","Stairway Node 5 Floor 1","Northbound Stairs Floor 2","Team G"
"GSTAI01301",1750,2014,1,"Shapiro","STAI","Staircase Node 13 Floor 1","Southbound Stairs Floor 1","Team G"
"GDEPT00702",1341,1778,2,"Shapiro","DEPT","Waiting room? Node 7 Floor 2","Waiting Area Shapiro Floor 2","Team G"
"GDEPT02402",1578,1932,2,"Shapiro","DEPT","Watkins A Node 24 Floor 2 Floor 2","Watkins A","Team G"
"GDEPT03502",1580,2166,2,"Shapiro","DEPT","Watkins B Node 35 Floor 2","Watkins B","Team G"
"GELEV00N02",1630,1931,2,"Shapiro","ELEV","Elevator N Node 25 Floor 2","Elevator N Floor 1","Team G"
"GELEV00Q02",1628,2102,2,"Shapiro","ELEV","Elevator Q Node 31a Floor 2","Elevator Q Floor 2","Team G"
"GHALL00102",1170,1780,2,"Shapiro","HALL","Hall Node 1 Floor 2","","Team G"
"GHALL00202",1168,1820,2,"Shapiro","HALL","Hall Node 2 Floor 2","","Team G"
"GHALL00302",1231,1781,2,"Shapiro","HALL","Hall Node 3 Floor 2","","Team G"
"GHALL00402",1230,1820,2,"Shapiro","HALL","Hall Node 4 Floor 2","","Team G"
"GHALL00502",1283,1781,2,"Shapiro","HALL","Hall Node 5 Floor 2","","Team G"
"GHALL01002",1340,1820,2,"Shapiro","HALL","Hall Node 10 Floor 2","","Team G"
"GHALL01102",1396,1781,2,"Shapiro","HALL","Hall Node 11 Floor 2","","Team G"
"GHALL01202",1395,1820,2,"Shapiro","HALL","Hall Node 12 Floor 2","","Team G"
"GHALL01302",1450,1781,2,"Shapiro","HALL","Hall Node 13 Floor 2","","Team G"
"GHALL01402",1450,1820,2,"Shapiro","HALL","Hall Node 14 Floor 2","","Team G"
"GHALL01502",1502,1781,2,"Shapiro","HALL","Hall Node 15 Floor 2","","Team G"
"GHALL01602",1502,1820,2,"Shapiro","HALL","Hall Node 16 Floor 2","","Team G"
"GHALL01702",1578,1820,2,"Shapiro","HALL","Hall Node 17 (Exit?) Floor 2","","Team G"
"GHALL01802",1630,1801,2,"Shapiro","HALL","Hall Node 18 Floor 2","","Team G"
"GHALL02002",1684,1801,2,"Shapiro","HALL","Hall Node 20 Floor 2","","Team G"
"GHALL02102",1683,1821,2,"Shapiro","HALL","Hall Node 21 Floor 2","","Team G"
"GHALL02202",1720,1801,2,"Shapiro","HALL","Hall Node 22 Floor 2","","Team G"
"GHALL02302",1726,1835,2,"Shapiro","HALL","Hall Node 23 Floor 2","","Team G"
"GHALL02702",1726,1930,2,"Shapiro","HALL","Hall Node 27 Floor 2","","Team G"
"GHALL02902",1728,2042,2,"Shapiro","HALL","Hall Node 29 Floor 2","","Team G"
"GHALL03002",1580,2090,2,"Shapiro","HALL","Hall Node 30 Floor 2","","Team G"
"GHALL03202",1684,2091,2,"Shapiro","HALL","Hall Node 32 Floor 2","","Team G"
"GHALL03302",1692,2124,2,"Shapiro","HALL","Hall Node 33 Floor 2","","Team G"
"GHALL03402",1724,2123,2,"Shapiro","HALL","Hall Node 34 Floor 2","","Team G"
"GHALL03602",1580,2208,2,"Shapiro","HALL","Hall Node 36 Floor 2","","Team G"
"GHALL03702",1692,2211,2,"Shapiro","HALL","Hall Node 37 Floor 2","","Team G"
"GHALL03802",1726,2210,2,"Shapiro","HALL","Hall Node 38 Floor 2","","Team G"
"GINFO01902",1630,1821,2,"Shapiro","INFO","Info Node 19 Floor 2","Information Center Shapiro Floor 2","Team G"
"GREST00602",1284,1821,2,"Shapiro","REST","Restroom Node 6 Floor 2","Restroom 1 Shapiro Floor 2","Team G"
"GREST03102",1628,2092,2,"Shapiro","REST","Restroom Node 31 Floor 2","Handicap Accessible Restrooms Shapiro Floor 2","Team G"
"GSTAI02602",1686,1931,2,"Shapiro","STAI","Stairs Node 26 Floor 2","Floor 2 Stairs Upper","Team G"
"GSTAI02802",1685,2041,2,"Shapiro","STAI","Stairs Node 28 Floor 2","Floor 2 Stairs Lower","Team G"
"GDEPT00403",1580,2142,3,"Shapiro","DEPT","Brigham Circle Medical Associates Node 4 Floor 3","Brigham Circle Medical Associates","Team G"
"GDEPT01403",1580,1904,3,"Shapiro","DEPT","Watkins Clinic C Node 14 Floor 3","Watkins Clinic C","Team G"
"GELEV00N03",1628,1904,3,"Shapiro","ELEV","Elevator N Node 15 Floor 3","Elevator N Floor 3","Team G"
"GELEV00Q03",1628,2142,3,"Shapiro","ELEV","Elevator Q Node 5 Floor 3","Elevator Q Floor 3","Team G"
"GHALL00103",1562,2230,3,"Shapiro","HALL","Hallway Node 1 Floor 3","","Team G"
"GHALL00203",1580,2230,3,"Shapiro","HALL","Hallway Node 2 Floor 3","","Team G"
"GHALL00303",1580,2180,3,"Shapiro","HALL","Hallway Node 3 Floor 3","","Team G"
"GHALL00603",1685,2142,3,"Shapiro","HALL","Hallway Node 6 Floor 3","","Team G"
"GHALL00703",1685,2230,3,"Shapiro","HALL","Hallway Node 7 Floor 3","","Team G"
"GHALL00803",1685,2106,3,"Shapiro","HALL","Hallway Node 8 Floor 3","","Team G"
"GHALL01003",1580,2070,3,"Shapiro","HALL","Hallway Node 10 Floor 3","","Team G"
"GHALL01103",1628,2070,3,"Shapiro","HALL","Hallway Node 11 Floor 3","","Team G"
"GHALL01303",1580,2006,3,"Shapiro","HALL","Hallway Node 13 Floor 3","","Team G"
"GREST01203",1628,2052,3,"Shapiro","REST","Restroom Node 12 Floor 3","Restroom Shapiro Floor 3","Team G"
"GSERV01603",1580,1858,3,"Shapiro","SERV","The Porch Node 16 Floor 3","The Porch","Team G"
"GSTAI00903",1685,2052,3,"Shapiro","STAI","Staircase Node 9 Floor 3","Floor 3 Stairs","Team G"
"GELEV00QL1",1637,2116,"L1","Shapiro","ELEV","Elevator Q Node 7 Floor L1","Elevator Q L1","Team G"
"GEXIT001L1",1702,2260,"L1","Shapiro","EXIT","Fenwood Road Exit Node 1 Floor L1","Fenwood Road Entrance/Exit L1","Team G"
"GHALL002L1",1702,2167,"L1","Shapiro","HALL","Hallway Node 2 Floor L1","","Team G"
"GHALL003L1",1688,2167,"L1","Shapiro","HALL","Hallway Node 3 Floor L1","","Team G"
"GHALL004L1",1666,2167,"L1","Shapiro","HALL","Hallway Node 4 Floor L1","","Team G"
"GHALL005L1",1688,2131,"L1","Shapiro","HALL","Hallway Node 5 Floor L1","","Team G"
"GHALL006L1",1665,2116,"L1","Shapiro","HALL","Hallway Node 6 Floor L1","","Team G"
"GSTAI008L1",1720,2131,"L1","Shapiro","STAI","Stairs Node 8 Floor L1","L1 Stairs","Team G"
"GELEV00QL2",1625,2089,"L2","Shapiro","ELEV","Elevator Q Node 6 Floor L2","Elevator Q L2","Team G"
"GHALL001L2",1730,1585,"L2","Shapiro","HALL","Hallway Node 1 Floor L2","","Team G"
"GHALL005L2",1642,2089,"L2","Shapiro","HALL","Hallway Node 5 Floor L2","","Team G"
"GHALL007L2",1578,2089,"L2","Shapiro","HALL","Hallway Node 7 Floor L2","","Team G"
"GHALL008L2",1577,2195,"L2","Shapiro","HALL","Hallway Node 8 Floor L2","","Team G"
"GHALL009L2",1578,2032,"L2","Shapiro","HALL","Hallway Node 9 Floor L2","","Team G"
"GHALL010L2",1550,2032,"L2","Shapiro","HALL","Hallway Node 10 Floor L2","","Team G"
"GHALL011L2",1550,1966,"L2","Shapiro","HALL","Hallway Node 11 Floor L2","","Team G"
"GHALL012L2",1512,1967,"L2","Shapiro","HALL","Hallway Node 12 Floor L2","","Team G"
"GHALL013L2",1512,1910,"L2","Shapiro","HALL","Hallway Node 13 Floor L2","","Team G"
"GHALL016L2",1512,1702,"L2","Shapiro","HALL","Hallway Node 16 Floor L2","","Team G"
"GHALL017L2",1512,1539,"L2","Shapiro","HALL","Hallway Node 17 Floor L2","","Team G"
"GLABS003L2",1729,2089,"L2","Shapiro","LABS","Cardiovascular Imaging Center Floor L2","Cardiovascular Imaging Center","Team G"
"GLABS014L2",1512,1844,"L2","Shapiro","LABS","Cardiac Stress Test Lab Floor L2","Cardiac Stress Test Lab","Team G"
"GLABS015L2",1512,1812,"L2","Shapiro","LABS","CVRR Floor L2","CVRR","Team G"
"GREST004L2",1680,2090,"L2","Shapiro","REST","Restroom Node 4 Floor L2","Restroom Shapiro L2","Team G"
"HHALL00102",1875,925,2,"Tower","HALL","Hallway Connector 1 Floor 2","Hallway H00102","Team H"
"HHALL00202",1955,900,2,"Tower","HALL","Hallway Connector 2 Floor 2","Hallway H00202","Team H"
"HRETL00102",1935,860,2,"Tower","RETL","Garden Cafe","Garden Cafe","Team H"
"HHALL00302",2035,900,2,"Tower","HALL","Hallway Connector 3 Floor 2","Hallway H00302","Team H"
"HSTAI00102",2060,880,2,"Tower","STAI","Stairwell 1 Floor 2","Stairwell 0102","Team H"
"HHALL00402",1875,1025,2,"Tower","HALL","Hallway Connector 4 Floor 2","Hallway H00402","Team H"
"HHALL00502",1825,1025,2,"Tower","HALL","Hallway Connector 5 Floor 2","Hallway H00502","Team H"
"HRETL00202",1615,1025,2,"Tower","RETL","Vending Machine Floor 2?","Vending Machine","Team H"
"HBATH00102",1605,1008,2,"Tower","BATH","Bathroom 1 Tower Floor 2","Bathroom 0102","Team H"
"HRETL00302",1825,1080,2,"Tower","RETL","Gift Shop Tower Floor 2","Gift Shop","Team H"
"HHALL00602",1775,1080,2,"Tower","HALL","Hallway Connector 6 Floor 2","Hallway H00602","Team H"
"HHALL00702",1740,1165,2,"Tower","HALL","Hallway Connector 7 Floor 2","Hallway H00702","Team H"
"HSTAI00202",1695,1165,2,"Tower","STAI","Stairwell 2 Tower Floor 2","Stairwell 0202","Team H"
"HHALL00802",1740,1230,2,"Tower","HALL","Hallway Connector 8 Floor 2","Hallway H00802","Team H"
"HSTAI00302",1790,1230,2,"Tower","STAI","Escalator 1 Floor 2","Escalator 1 Floor 2","Team H"
"HHALL00902",1740,1280,2,"Tower","HALL","Hallway Connector 9 Floor 2","Hallway H00902","Team H"
"HHALL01002",2055,1280,2,"Tower","HALL","Hallway Connector 10 Floor 2","Hallway H01002","Team H"
"HDEPT00102",2055,1330,2,"Tower","DEPT","Endoscopy","Endoscopy","Team H"
"HHALL00503",1680,1290,3,"Tower","HALL","Hallway Connector 5 Floor 3","Hallway H00502","Team H"
"HSTAI00103",1680,1275,3,"Tower","STAI","Stairwell 1 Floor 3","Stairwell","Team H"
"HHALL00403",1325,1290,3,"Tower","HALL","Hallway Connector 4 Floor 3","Hallway H00403","Team H"
"HHALL00303",1325,985,3,"Tower","HALL","Hallway Connector 3 Floor 3","Hallway H00303","Team H"
"HHALL00203",1235,985,3,"Tower","HALL","Hallway Connector 2 Floor 3","Hallway H00203","Team H"
"HLABS00103",1235,865,3,"Tower","LABS","Reproductive Endocrine Labs","Reproductive Endocrine Labs","Team H"
"HHALL00103",1325,655,3,"Tower","HALL","Hallway Connector 1 Floor 3","Hallway H00103","Team H"
"HHALL00603",1735,925,3,"Tower","HALL","Hallway Connector 6 Floor 3","Hallway H00603","Team H"
"HHALL00703",1735,900,3,"Tower","HALL","Hallway Connector 7 Floor 3","Hallway H00703","Team H"
"HDEPT00103",1725,900,3,"Tower","DEPT","Dialysis Waiting Room","Dialysis WR","Team H"
"HHALL00803",1735,865,3,"Tower","HALL","Hallway Connector 8 Floor 3","Hallway H00803","Team H"
"HSERV00103",1750,865,3,"Tower","SERV","Nursing Room","Nursing Room","Team H"
"HHALL00903",1735,820,3,"Tower","HALL","Hallway Connector 9 Floor 3","Hallway H00903","Team H"
"HHALL01003",1785,820,3,"Tower","HALL","Hallway Connector 10 Floor 3","Hallway H01003","Team H"
"HBATH00103",1785,830,3,"Tower","BATH","Bathroom 1 Tower Floor 3","Bathroom 0103","Team H"
"HHALL01103",1690,820,3,"Tower","HALL","Hallway Connector 11 Floor 3","Hallway H01103","Team H"
"HDEPT00203",1690,830,3,"Tower","DEPT","MICU 3B/C Waiting Room","MICU 3B/C WR","Team H"
"HHALL01203",1600,820,3,"Tower","HALL","Hallway Connector 12 Floor 3","Hallway H01203","Team H"
"HHALL01303",1600,1030,3,"Tower","HALL","Hallway Connector 13 Floor 3","Hallway H01303","Team H"
"HHALL01403",1735,1030,3,"Tower","HALL","Hallway Connector 14 Floor 3","Hallway H01403","Team H"
"HHALL01503",1735,985,3,"Tower","HALL","Hallway Connector 15 Floor 3","Hallway H01503","Team H"
"HBATH00203",1750,985,3,"Tower","BATH","Bathroom 2 Tower Floor 3","Bathroom 0203","Team H"
"IHALL00103",2255,1290,3,"45 Francis","HALL","Hallway Node 1","H1","Team I"
"IHALL00203",2323,1290,3,"45 Francis","HALL","Hallway Node 2","H2","Team I"
"IHALL00303",2448,1290,3,"45 Francis","HALL","Hallway Node 3","H3","Team I"
"IHALL00403",2570,1290,3,"45 Francis","HALL","Hallway Node 4","H4","Team I"
"IHALL00503",2730,1290,3,"45 Francis","HALL","Hallway Node 5","H5","Team I"
"IHALL00603",2772,1290,3,"45 Francis","HALL","Hallway Node 6","H6","Team I"
"IHALL00703",2772,1227,3,"45 Francis","HALL","Hallway Node 7","H7","Team I"
"IHALL00803",2772,1147,3,"45 Francis","HALL","Hallway Node 8","H8","Team I"
"IHALL00903",2649,1075,3,"45 Francis","HALL","Hallway Node 9","H9","Team I"
"IHALL01003",2772,1075,3,"45 Francis","HALL","Hallway Node 10","H10","Team I"
"IHALL01103",2922,1075,3,"45 Francis","HALL","Hallway Node 11","H11","Team I"
"IHALL01203",2220,1034,3,"45 Francis","HALL","Hallway Node 12","H12","Team I"
"IHALL01303",2323,1034,3,"45 Francis","HALL","Hallway Node 13","H13","Team I"
"IHALL01403",2323,993,3,"45 Francis","HALL","Hallway Node 14","H14","Team I"
"IHALL01503",2220,944,3,"45 Francis","HALL","Hallway Node 15","H15","Team I"
"IHALL01603",2252,851,3,"45 Francis","HALL","Hallway Node 16","H16","Team I"
"IHALL01703",2323,851,3,"45 Francis","HALL","Hallway Node 17","H17","Team I"
"IHALL01803",2362,851,3,"45 Francis","HALL","Hallway Node 18","H18","Team I"
"IHALL01903",2492,851,3,"45 Francis","HALL","Hallway Node 19","H19","Team I"
"IHALL02003",2597,851,3,"45 Francis","HALL","Hallway Node 20","H20","Team I"
"IHALL02203",2362,764,3,"45 Francis","HALL","Hallway Node 22","H22","Team I"
"IREST00103",2255,1255,3,"45 Francis","REST","Restroom 1 - Family","R1","Team I"
"IREST00203",2570,1257,3,"45 Francis","REST","Restroom 2","R2","Team I"
"IREST00303",2745,1147,3,"45 Francis","REST","Restroom 3","R3","Team I"
"IREST00403",2300,1018,3,"45 Francis","REST","Restroom 4 - M wheelchair","R4","Team I"
"IREST00503",2277,995,3,"45 Francis","REST","Restroom 5 - F wheelchair","R5","Team I"
"IDEPT00103",2323,1328,3,"45 Francis","DEPT","Center for Infertility and Reproductive Surgery","D1","Team I"
"IDEPT00203",2448,1328,3,"45 Francis","DEPT","Gynecology Oncology MIGS","D2","Team I"
"IDEPT00303",2730,1315,3,"45 Francis","DEPT","General Surgical Specialties Suite A","D3","Team I"
"IDEPT00403",2738,1227,3,"45 Francis","DEPT","General Surgical Specialties Suite B","D4","Team I"
"IDEPT00503",2868,1075,3,"45 Francis","DEPT","Urology","D5","Team I"
"IDEPT00603",2333,764,3,"45 Francis","DEPT","Maternal Fetal Practice","D6","Team I"
"IDEPT00703",2400,764,3,"45 Francis","DEPT","Obstetrics","D7","Team I"
"IDEPT00803",2492,887,3,"45 Francis","DEPT","Fetal Med & Genetics","D8","Team I"
"IDEPT00903",2631,851,3,"45 Francis","DEPT","Gynecology","D9","Team I"
"WELEV00E01",3265,830,1,"45 Francis","ELEV","Elevator E Floor 1","Elevator E1","Team E"
"WELEV00E02",3235,880,2,"45 Francis","ELEV","Elevator E Floor 2","Elevator E2","Team B"
"WELEV00F01",3050,980,1,"45 Francis","ELEV","Elevator F Floor 1","Elevator F1","Team E"
"WELEV00F02",3075,960,2,"45 Francis","ELEV","Elevator F Floor 2","Elevator F2","Team B"
"WELEV00G01",2935,900,1,"45 Francis","ELEV","Elevator G Floor 1","Elevator G1","Team E"
"WELEV00G02",2945,870,2,"45 Francis","ELEV","Elevator G Floor 2","Elevator G2","Team B"
"WELEV00HL1",2715,1070,"L1","45 Francis","ELEV","Elevator H Floor L1","Elevator HL1","Team C"
"WELEV00H01",2735,1070,1,"45 Francis","ELEV","Elevator H Floor 1","Elevator H1","Team E"
"WELEV00H02",2725,1065,2,"45 Francis","ELEV","Elevator H Floor 2","Elevator H2","Team B"
"WELEV00H03",2715,1075,3,"45 Francis","ELEV","Elevator H Floor 3","Elevator H3","Team I"
"WELEV00JL2",2360,805,"L2","45 Francis","ELEV","Elevator J Floor L2","Elevator JL2","Team C"
"WELEV00JL1",2360,800,"L1","45 Francis","ELEV","Elevator J Floor L1","Elevator JL1","Team C"
"WELEV00J01",2385,810,1,"45 Francis","ELEV","Elevator J Floor 1","Elevator J1","Team E"
"WELEV00J02",2385,800,2,"45 Francis","ELEV","Elevator J Floor 2","Elevator J2","Team B"
"WELEV00J03",2365,800,3,"45 Francis","ELEV","Elevator J Floor 3","Elevator J3","Team I"
"WELEV00KL2",2215,975,"L2","45 Francis","ELEV","Elevator K Floor L2","Elevator KL2","Team C"
"WELEV00KL1",2220,975,"L1","45 Francis","ELEV","Elevator K Floor L1","Elevator KL1","Team C"
"WELEV00K01",2240,985,1,"45 Francis","ELEV","Elevator K Floor 1","Elevator K1","Team E"
"WELEV00K02",2240,965,2,"45 Francis","ELEV","Elevator K Floor 2","Elevator K2","Team B"
"WELEV00K03",2220,985,3,"45 Francis","ELEV","Elevator K Floor 3","Elevator K3","Team I"
"WELEV00LL2",1785,925,"L2","Tower","ELEV","Elevator L Floor L2","Elevator LL2","Team C"
"WELEV00LL1",1785,925,"L1","Tower","ELEV","Elevator L Floor L1","Elevator LL1","Team C"
"WELEV00L01",1810,930,1,"Tower","ELEV","Elevator L Floor 1","Elevator L1","Team F"
"WELEV00L02",1805,925,2,"Tower","ELEV","Elevator L Floor 2","Elevator L2","Team H"
"WELEV00L03",1790,925,3,"Tower","ELEV","Elevator L Floor 3","Elevator L3","Team H"
"WELEV00ML2",1820,1280,"L2","Tower","ELEV","Elevator M Floor L2","Elevator ML2","Team C"
"WELEV00ML1",1820,1285,"L1","Tower","ELEV","Elevator M Floor L1","Elevator ML1","Team C"
"WELEV00M01",1810,1280,1,"Tower","ELEV","Elevator M Floor 1","Elevator M1","Team F"
"WELEV00M02",1825,1280,2,"Tower","ELEV","Elevator M Floor 2","Elevator M2","Team H"
"WELEV00M03",1815,1290,3,"Tower","ELEV","Elevator M Floor 3","Elevator M3","Team H"
"WHALL001L2",1745,1525,"L2","Tower","HALL","Hallway Connector 1 Floor L2","Hallway W01L2","Team C"
"WHALL002L2",1745,1540,"L2","Shapiro","HALL","Hallway Connector 2 Floor L2","Hallway W02L2","Team G"
"WHALL00101",2160,910,1,"45 Francis","HALL","Hallway Connector 1 Floor 1","Hallway W0101","Team F"
"WHALL00201",2175,910,1,"45 Francis","HALL","Hallway Connector 2 Floor 1","Hallway W0201","Team E"
"WHALL00103",2060,1290,3,"45 Francis","HALL","Hallway Connector 1 Floor 3","Hallway W0103","Team H"
"WHALL00203",2080,1290,3,"45 Francis","HALL","Hallway Connector 2 Floor 3","Hallway W0203","Team I"
"WHALL00102",3345,865,2,"45 Francis","HALL","Hallway Connector 1 Floor 2","Hallway W0102","Team B"
"WHALL00202",3360,860,2,"15 Francis","HALL","Hallway Connector 2 Floor 2","Hallway W0202","Team D"
"WHALL00302",2085,900,2,"45 Francis","HALL","Hallway Connector 3 Floor 2","Hallway W0302","Team H"
"WHALL00402",2105,900,2,"45 Francis","HALL","Hallway Connector 4 Floor 2","Hallway W0402","Team B"
"WHALL00502",2085,1280,2,"45 Francis","HALL","Hallway Connector 5 Floor 2","Hallway W0502","Team H"
"WHALL00602",2105,1280,2,"45 Francis","HALL","Hallway Connector 6 Floor 2","Hallway W0602","Team B"
"WHALL00702",1740,1500,2,"Tower","HALL","Hallway Connector 7 Floor 2","Hallway W0702","Team H"
"WHALL00802",1720,1745,2,"Shapiro","HALL","Hallway Connector 8 Floor 2","Hallway W0802","Team G"
"WHALL00902",1690,2240,2,"Shapiro","HALL","Hallway Connector 9 Floor 2","Hallway W0902","Team G"
"WHALL01002",1690,2455,2,"BTM","HALL","Hallway Connector 10 Floor 2","Hallway W1002","Team A"
